Workbook

Sheet 项目进度
A1: 序号 | B1: 事项范围 | C1: 负责人 | D1: 开始时间 | E1: 结束时间 | F1: 备注说明 | G1: 状态 | H1: 完成天数 | I1: 46204 | J1: 46205 | K1: 46206 | L1: 46209 | M1: 46210 | N1: 46211 | O1: 46212 | P1: 46213 | Q1: 46216 | R1: 46217 | S1: 46218 | T1: 46219 | U1: 46220 | V1: 46223 | W1: 46224 | X1: 46225 | Y1: 46226 | Z1: 46227 | AA1: 46230 | AB1: 46231 | AC1: 46232 | AD1: 46233 | AE1: 46234
A2: 1 | B2: My tokens原型初稿 | C2: 雷蕾 | D2: 46209 | E2: 46210 | F2: https://leilei7728.github.io/aihub-prototype/aihub.html | G2: 已完成 | H2: =IF(OR(D2="",E2=""),"",NETWORKDAYS.INTL(D2,E2,1,节假日!$A$2:$A$200)) | I2: =IF(AND(I$1>=$D2,I$1<=$E2),1,"") | J2: =IF(AND(J$1>=$D2,J$1<=$E2),1,"") | K2: =IF(AND(K$1>=$D2,K$1<=$E2),1,"") | L2: =IF(AND(L$1>=$D2,L$1<=$E2),1,"") | M2: =IF(AND(M$1>=$D2,M$1<=$E2),1,"") | N2: =IF(AND(N$1>=$D2,N$1<=$E2),1,"") | O2: =IF(AND(O$1>=$D2,O$1<=$E2),1,"") | P2: =IF(AND(P$1>=$D2,P$1<=$E2),1,"") | ... AE2: =IF(AND(AE$1>=$D2,AE$1<=$E2),1,"")
A3: 2 | B3: 需求评审 | C3: 雷蕾 | D3: 46211 | E3: 46211 | F3: 会议纪要地址 | G3: 已完成 | H3: =IF(OR(D3="",E3=""),"",NETWORKDAYS.INTL(D3,E3,1,节假日!$A$2:$A$200)) | I3: =IF(AND(I$1>=$D3,I$1<=$E3),1,"") | J3: =IF(AND(J$1>=$D3,J$1<=$E3),1,"") | K3: =IF(AND(K$1>=$D3,K$1<=$E3),1,"") | L3: =IF(AND(L$1>=$D3,L$1<=$E3),1,"") | M3: =IF(AND(M$1>=$D3,M$1<=$E3),1,"") | N3: =IF(AND(N$1>=$D3,N$1<=$E3),1,"") | O3: =IF(AND(O$1>=$D3,O$1<=$E3),1,"") | P3: =IF(AND(P$1>=$D3,P$1<=$E3),1,"") | ... AE3: =IF(AND(AE$1>=$D3,AE$1<=$E3),1,"")
A4: 3 | B4: Wetokens原型评审修订版 | C4: 雷蕾 | D4: 46212 | E4: 46216 | F4: https://leilei7728.github.io/aihub-prototype/My%20tokens.html | G4: 已完成 | H4: =IF(OR(D4="",E4=""),"",NETWORKDAYS.INTL(D4,E4,1,节假日!$A$2:$A$200)) | I4: =IF(AND(I$1>=$D4,I$1<=$E4),1,"") | J4: =IF(AND(J$1>=$D4,J$1<=$E4),1,"") | K4: =IF(AND(K$1>=$D4,K$1<=$E4),1,"") | L4: =IF(AND(L$1>=$D4,L$1<=$E4),1,"") | M4: =IF(AND(M$1>=$D4,M$1<=$E4),1,"") | N4: =IF(AND(N$1>=$D4,N$1<=$E4),1,"") | O4: =IF(AND(O$1>=$D4,O$1<=$E4),1,"") | P4: =IF(AND(P$1>=$D4,P$1<=$E4),1,"") | ... AE4: =IF(AND(AE$1>=$D4,AE$1<=$E4),1,"")
H5: =IF(OR(D5="",E5=""),"",NETWORKDAYS.INTL(D5,E5,1,节假日!$A$2:$A$200)) | I5: =IF(AND(I$1>=$D5,I$1<=$E5),1,"") | J5: =IF(AND(J$1>=$D5,J$1<=$E5),1,"") | K5: =IF(AND(K$1>=$D5,K$1<=$E5),1,"") | L5: =IF(AND(L$1>=$D5,L$1<=$E5),1,"") | M5: =IF(AND(M$1>=$D5,M$1<=$E5),1,"") | N5: =IF(AND(N$1>=$D5,N$1<=$E5),1,"") | O5: =IF(AND(O$1>=$D5,O$1<=$E5),1,"") | P5: =IF(AND(P$1>=$D5,P$1<=$E5),1,"") | ... AE5: =IF(AND(AE$1>=$D5,AE$1<=$E5),1,"")
H6: =IF(OR(D6="",E6=""),"",NETWORKDAYS.INTL(D6,E6,1,节假日!$A$2:$A$200)) | I6: =IF(AND(I$1>=$D6,I$1<=$E6),1,"") | J6: =IF(AND(J$1>=$D6,J$1<=$E6),1,"") | K6: =IF(AND(K$1>=$D6,K$1<=$E6),1,"") | L6: =IF(AND(L$1>=$D6,L$1<=$E6),1,"") | M6: =IF(AND(M$1>=$D6,M$1<=$E6),1,"") | N6: =IF(AND(N$1>=$D6,N$1<=$E6),1,"") | O6: =IF(AND(O$1>=$D6,O$1<=$E6),1,"") | P6: =IF(AND(P$1>=$D6,P$1<=$E6),1,"") | ... AE6: =IF(AND(AE$1>=$D6,AE$1<=$E6),1,"")
H7: =IF(OR(D7="",E7=""),"",NETWORKDAYS.INTL(D7,E7,1,节假日!$A$2:$A$200)) | I7: =IF(AND(I$1>=$D7,I$1<=$E7),1,"") | J7: =IF(AND(J$1>=$D7,J$1<=$E7),1,"") | K7: =IF(AND(K$1>=$D7,K$1<=$E7),1,"") | L7: =IF(AND(L$1>=$D7,L$1<=$E7),1,"") | M7: =IF(AND(M$1>=$D7,M$1<=$E7),1,"") | N7: =IF(AND(N$1>=$D7,N$1<=$E7),1,"") | O7: =IF(AND(O$1>=$D7,O$1<=$E7),1,"") | P7: =IF(AND(P$1>=$D7,P$1<=$E7),1,"") | ... AE7: =IF(AND(AE$1>=$D7,AE$1<=$E7),1,"")
H8: =IF(OR(D8="",E8=""),"",NETWORKDAYS.INTL(D8,E8,1,节假日!$A$2:$A$200)) | I8: =IF(AND(I$1>=$D8,I$1<=$E8),1,"") | J8: =IF(AND(J$1>=$D8,J$1<=$E8),1,"") | K8: =IF(AND(K$1>=$D8,K$1<=$E8),1,"") | L8: =IF(AND(L$1>=$D8,L$1<=$E8),1,"") | M8: =IF(AND(M$1>=$D8,M$1<=$E8),1,"") | N8: =IF(AND(N$1>=$D8,N$1<=$E8),1,"") | O8: =IF(AND(O$1>=$D8,O$1<=$E8),1,"") | P8: =IF(AND(P$1>=$D8,P$1<=$E8),1,"") | ... AE8: =IF(AND(AE$1>=$D8,AE$1<=$E8),1,"")
H9: =IF(OR(D9="",E9=""),"",NETWORKDAYS.INTL(D9,E9,1,节假日!$A$2:$A$200)) | I9: =IF(AND(I$1>=$D9,I$1<=$E9),1,"") | J9: =IF(AND(J$1>=$D9,J$1<=$E9),1,"") | K9: =IF(AND(K$1>=$D9,K$1<=$E9),1,"") | L9: =IF(AND(L$1>=$D9,L$1<=$E9),1,"") | M9: =IF(AND(M$1>=$D9,M$1<=$E9),1,"") | N9: =IF(AND(N$1>=$D9,N$1<=$E9),1,"") | O9: =IF(AND(O$1>=$D9,O$1<=$E9),1,"") | P9: =IF(AND(P$1>=$D9,P$1<=$E9),1,"") | ... AE9: =IF(AND(AE$1>=$D9,AE$1<=$E9),1,"")
H10: =IF(OR(D10="",E10=""),"",NETWORKDAYS.INTL(D10,E10,1,节假日!$A$2:$A$200)) | I10: =IF(AND(I$1>=$D10,I$1<=$E10),1,"") | J10: =IF(AND(J$1>=$D10,J$1<=$E10),1,"") | K10: =IF(AND(K$1>=$D10,K$1<=$E10),1,"") | L10: =IF(AND(L$1>=$D10,L$1<=$E10),1,"") | M10: =IF(AND(M$1>=$D10,M$1<=$E10),1,"") | N10: =IF(AND(N$1>=$D10,N$1<=$E10),1,"") | O10: =IF(AND(O$1>=$D10,O$1<=$E10),1,"") | P10: =IF(AND(P$1>=$D10,P$1<=$E10),1,"") | ... AE10: =IF(AND(AE$1>=$D10,AE$1<=$E10),1,"")
H11: =IF(OR(D11="",E11=""),"",NETWORKDAYS.INTL(D11,E11,1,节假日!$A$2:$A$200)) | I11: =IF(AND(I$1>=$D11,I$1<=$E11),1,"") | J11: =IF(AND(J$1>=$D11,J$1<=$E11),1,"") | K11: =IF(AND(K$1>=$D11,K$1<=$E11),1,"") | L11: =IF(AND(L$1>=$D11,L$1<=$E11),1,"") | M11: =IF(AND(M$1>=$D11,M$1<=$E11),1,"") | N11: =IF(AND(N$1>=$D11,N$1<=$E11),1,"") | O11: =IF(AND(O$1>=$D11,O$1<=$E11),1,"") | P11: =IF(AND(P$1>=$D11,P$1<=$E11),1,"") | ... AE11: =IF(AND(AE$1>=$D11,AE$1<=$E11),1,"")
H12: =IF(OR(D12="",E12=""),"",NETWORKDAYS.INTL(D12,E12,1,节假日!$A$2:$A$200)) | I12: =IF(AND(I$1>=$D12,I$1<=$E12),1,"") | J12: =IF(AND(J$1>=$D12,J$1<=$E12),1,"") | K12: =IF(AND(K$1>=$D12,K$1<=$E12),1,"") | L12: =IF(AND(L$1>=$D12,L$1<=$E12),1,"") | M12: =IF(AND(M$1>=$D12,M$1<=$E12),1,"") | N12: =IF(AND(N$1>=$D12,N$1<=$E12),1,"") | O12: =IF(AND(O$1>=$D12,O$1<=$E12),1,"") | P12: =IF(AND(P$1>=$D12,P$1<=$E12),1,"") | ... AE12: =IF(AND(AE$1>=$D12,AE$1<=$E12),1,"")
H13: =IF(OR(D13="",E13=""),"",NETWORKDAYS.INTL(D13,E13,1,节假日!$A$2:$A$200)) | I13: =IF(AND(I$1>=$D13,I$1<=$E13),1,"") | J13: =IF(AND(J$1>=$D13,J$1<=$E13),1,"") | K13: =IF(AND(K$1>=$D13,K$1<=$E13),1,"") | L13: =IF(AND(L$1>=$D13,L$1<=$E13),1,"") | M13: =IF(AND(M$1>=$D13,M$1<=$E13),1,"") | N13: =IF(AND(N$1>=$D13,N$1<=$E13),1,"") | O13: =IF(AND(O$1>=$D13,O$1<=$E13),1,"") | P13: =IF(AND(P$1>=$D13,P$1<=$E13),1,"") | ... AE13: =IF(AND(AE$1>=$D13,AE$1<=$E13),1,"")
H14: =IF(OR(D14="",E14=""),"",NETWORKDAYS.INTL(D14,E14,1,节假日!$A$2:$A$200)) | I14: =IF(AND(I$1>=$D14,I$1<=$E14),1,"") | J14: =IF(AND(J$1>=$D14,J$1<=$E14),1,"") | K14: =IF(AND(K$1>=$D14,K$1<=$E14),1,"") | L14: =IF(AND(L$1>=$D14,L$1<=$E14),1,"") | M14: =IF(AND(M$1>=$D14,M$1<=$E14),1,"") | N14: =IF(AND(N$1>=$D14,N$1<=$E14),1,"") | O14: =IF(AND(O$1>=$D14,O$1<=$E14),1,"") | P14: =IF(AND(P$1>=$D14,P$1<=$E14),1,"") | ... AE14: =IF(AND(AE$1>=$D14,AE$1<=$E14),1,"")
H15: =IF(OR(D15="",E15=""),"",NETWORKDAYS.INTL(D15,E15,1,节假日!$A$2:$A$200)) | I15: =IF(AND(I$1>=$D15,I$1<=$E15),1,"") | J15: =IF(AND(J$1>=$D15,J$1<=$E15),1,"") | K15: =IF(AND(K$1>=$D15,K$1<=$E15),1,"") | L15: =IF(AND(L$1>=$D15,L$1<=$E15),1,"") | M15: =IF(AND(M$1>=$D15,M$1<=$E15),1,"") | N15: =IF(AND(N$1>=$D15,N$1<=$E15),1,"") | O15: =IF(AND(O$1>=$D15,O$1<=$E15),1,"") | P15: =IF(AND(P$1>=$D15,P$1<=$E15),1,"") | ... AE15: =IF(AND(AE$1>=$D15,AE$1<=$E15),1,"")
H16: =IF(OR(D16="",E16=""),"",NETWORKDAYS.INTL(D16,E16,1,节假日!$A$2:$A$200)) | I16: =IF(AND(I$1>=$D16,I$1<=$E16),1,"") | J16: =IF(AND(J$1>=$D16,J$1<=$E16),1,"") | K16: =IF(AND(K$1>=$D16,K$1<=$E16),1,"") | L16: =IF(AND(L$1>=$D16,L$1<=$E16),1,"") | M16: =IF(AND(M$1>=$D16,M$1<=$E16),1,"") | N16: =IF(AND(N$1>=$D16,N$1<=$E16),1,"") | O16: =IF(AND(O$1>=$D16,O$1<=$E16),1,"") | P16: =IF(AND(P$1>=$D16,P$1<=$E16),1,"") | ... AE16: =IF(AND(AE$1>=$D16,AE$1<=$E16),1,"")
... H100: =IF(OR(D100="",E100=""),"",NETWORKDAYS.INTL(D100,E100,1,节假日!$A$2:$A$200)) | I100: =IF(AND(I$1>=$D100,I$1<=$E100),1,"") | J100: =IF(AND(J$1>=$D100,J$1<=$E100),1,"") | K100: =IF(AND(K$1>=$D100,K$1<=$E100),1,"") | L100: =IF(AND(L$1>=$D100,L$1<=$E100),1,"") | M100: =IF(AND(M$1>=$D100,M$1<=$E100),1,"") | N100: =IF(AND(N$1>=$D100,N$1<=$E100),1,"") | O100: =IF(AND(O$1>=$D100,O$1<=$E100),1,"") | P100: =IF(AND(P$1>=$D100,P$1<=$E100),1,"") | ... AE100: =IF(AND(AE$1>=$D100,AE$1<=$E100),1,"")

Sheet 节假日
A1: 节假日日期 | B1: 说明
A2: 2026/10/01 | B2: 示例：国庆节
